[     201ms] [VERBOSE] [DOM] Password field is not contained in a form: (More info: https://goo.gl/9p2vKq) %o @ http://localhost:3000/showcase/apple/forms:0
[     285ms] [INFO] %cDownload the React DevTools for a better development experience: https://react.dev/link/react-devtools font-weight:bold @ http://localhost:3000/_next/static/chunks/73eda_next_dist_e2e1408c._.js:2297
[     384ms] [LOG] [HMR] connected @ http://localhost:3000/_next/static/chunks/73eda_next_dist_e2e1408c._.js:2297
[     511ms] [LOG] [Fast Refresh] rebuilding @ http://localhost:3000/_next/static/chunks/73eda_next_dist_e2e1408c._.js:2297
[     521ms] [LOG] [Fast Refresh] done in 121ms @ http://localhost:3000/_next/static/chunks/73eda_next_dist_e2e1408c._.js:2297
[     540ms] [ERROR] A tree hydrated but some attributes of the server rendered HTML didn't match the client properties. This won't be patched up. This can happen if a SSR-ed Client Component used:

- A server/client branch `if (typeof window !== 'undefined')`.
- Variable input such as `Date.now()` or `Math.random()` which changes each time it's called.
- Date formatting in a user's locale which doesn't match the server.
- External changing data without sending a snapshot of it along with the HTML.
- Invalid HTML tag nesting.

It can also happen if the client has a browser extension installed which messes with the HTML before React loaded.

%s%s https://react.dev/link/hydration-mismatch 

  ...
    <Month data-animated-month={undefined} className="flex w-ful..." style={undefined} displayIndex={0} ...>
      <div data-animated-month={undefined} className="flex w-ful..." style={undefined}>
        <MonthCaption>
        <MonthGrid role="grid" aria-multiselectable={false} aria-label="April 2026" className="rdp-month_..." ...>
          <table role="grid" aria-multiselectable={false} aria-label="April 2026" className="rdp-month_..." ...>
            <Weekdays>
            <Weeks data-animated-weeks={undefined} className="rdp-weeks" style={undefined}>
              <tbody data-animated-weeks={undefined} className="rdp-weeks" style={undefined}>
                <Week className="mt-2 flex ..." style={undefined} week={{days:[...], ...}}>
                  <tr className="mt-2 flex ..." style={undefined}>
                    <Day day={{date:Date, ...}} modifiers={{focused:false, ...}} className={"group/da..."} style={{}} ...>
                      <td className={"group/da..."} style={{}} role="gridcell" aria-selected={undefined} ...>
                        <DayButton className="rdp-day_bu..." style={undefined} type="button" day={{date:Date, ...}} ...>
                          <CalendarDayButton locale={undefined} className="rdp-day_bu..." style={undefined} type="button" ...>
                            <Button variant="ghost" size="icon" data-day="2026. 3. 29." data-selected-single={undefined} ...>
                              <Button data-slot="button" className={"group/bu..."} data-day="2026. 3. 29." ...>
                                <button
                                  type="button"
                                  onClick={function onClick}
                                  onMouseDown={function onMouseDown}
                                  onKeyDown={function}
                                  onKeyUp={function onKeyUp}
                                  onPointerDown={function onPointerDown}
                                  tabIndex={-1}
                                  disabled={false}
                                  data-slot="button"
+                                 data-day="2026. 3. 29."
-                                 data-day="3/29/2026"
                                  data-selected-single={undefined}
                                  data-range-start={undefined}
                                  data-range-end={undefined}
                                  data-range-middle={undefined}
                                  style={undefined}
                                  aria-disabled={undefined}
                                  aria-label="Sunday, March 29th, 2026"
                                  onBlur={function DayPicker.useCallback[handleDayBlur]}
                                  onFocus={function DayPicker.useCallback[handleDayFocus]}
                                  onMouseEnter={function DayPicker.useCallback[handleDayMouseEnter]}
                                  onMouseLeave={function DayPicker.useCallback[handleDayMouseLeave]}
                                  ref={function}
                                  className={"group/button shrink-0 items-center justify-center rounded-lg border-tra..."}
                                >
+                                 29
                    <Day day={{date:Date, ...}} modifiers={{focused:false, ...}} className={"group/da..."} style={{}} ...>
                      <td className={"group/da..."} style={{}} role="gridcell" aria-selected={undefined} ...>
                        <DayButton className="rdp-day_bu..." style={undefined} type="button" day={{date:Date, ...}} ...>
                          <CalendarDayButton locale={undefined} className="rdp-day_bu..." style={undefined} type="button" ...>
                            <Button variant="ghost" size="icon" data-day="2026. 3. 30." data-selected-single={undefined} ...>
                              <Button data-slot="button" className={"group/bu..."} data-day="2026. 3. 30." ...>
                                <button
                                  type="button"
                                  onClick={function onClick}
                                  onMouseDown={function onMouseDown}
                                  onKeyDown={function}
                                  onKeyUp={function onKeyUp}
                                  onPointerDown={function onPointerDown}
                                  tabIndex={-1}
                                  disabled={false}
                                  data-slot="button"
+                                 data-day="2026. 3. 30."
-                                 data-day="3/30/2026"
                                  data-selected-single={undefined}
                                  data-range-start={undefined}
                                  data-range-end={undefined}
                                  data-range-middle={undefined}
                                  style={undefined}
                                  aria-disabled={undefined}
                                  aria-label="Monday, March 30th, 2026"
                                  onBlur={function DayPicker.useCallback[handleDayBlur]}
                                  onFocus={function DayPicker.useCallback[handleDayFocus]}
                                  onMouseEnter={function DayPicker.useCallback[handleDayMouseEnter]}
                                  onMouseLeave={function DayPicker.useCallback[handleDayMouseLeave]}
                                  ref={function}
                                  className={"group/button shrink-0 items-center justify-center rounded-lg border-tra..."}
                                >
+                                 30
                    <Day day={{date:Date, ...}} modifiers={{focused:false, ...}} className={"group/da..."} style={{}} ...>
                      <td className={"group/da..."} style={{}} role="gridcell" aria-selected={undefined} ...>
                        <DayButton className="rdp-day_bu..." style={undefined} type="button" day={{date:Date, ...}} ...>
                          <CalendarDayButton locale={undefined} className="rdp-day_bu..." style={undefined} type="button" ...>
                            <Button variant="ghost" size="icon" data-day="2026. 3. 31." data-selected-single={undefined} ...>
                              <Button data-slot="button" className={"group/bu..."} data-day="2026. 3. 31." ...>
                                <button
                                  type="button"
                                  onClick={function onClick}
                                  onMouseDown={function onMouseDown}
                                  onKeyDown={function}
                                  onKeyUp={function onKeyUp}
                                  onPointerDown={function onPointerDown}
                                  tabIndex={-1}
                                  disabled={false}
                                  data-slot="button"
+                                 data-day="2026. 3. 31."
-                                 data-day="3/31/2026"
                                  data-selected-single={undefined}
                                  data-range-start={undefined}
                                  data-range-end={undefined}
                                  data-range-middle={undefined}
                                  style={undefined}
                                  aria-disabled={undefined}
                                  aria-label="Tuesday, March 31st, 2026"
                                  onBlur={function DayPicker.useCallback[handleDayBlur]}
                                  onFocus={function DayPicker.useCallback[handleDayFocus]}
                                  onMouseEnter={function DayPicker.useCallback[handleDayMouseEnter]}
                                  onMouseLeave={function DayPicker.useCallback[handleDayMouseLeave]}
                                  ref={function}
                                  className={"group/button shrink-0 items-center justify-center rounded-lg border-tra..."}
                                >
+                                 31
                    <Day day={{date:Date, ...}} modifiers={{focused:false, ...}} className={"group/da..."} style={{}} ...>
                      <td className={"group/da..."} style={{}} role="gridcell" aria-selected={undefined} ...>
                        <DayButton className="rdp-day_bu..." style={undefined} type="button" day={{date:Date, ...}} ...>
                          <CalendarDayButton locale={undefined} className="rdp-day_bu..." style={undefined} type="button" ...>
                            <Button variant="ghost" size="icon" data-day="2026. 4. 1." data-selected-single={undefined} ...>
                              <Button data-slot="button" className={"group/bu..."} data-day="2026. 4. 1." ...>
                                <button
                                  type="button"
                                  onClick={function onClick}
                                  onMouseDown={function onMouseDown}
                                  onKeyDown={function}
                                  onKeyUp={function onKeyUp}
                                  onPointerDown={function onPointerDown}
                                  tabIndex={-1}
                                  disabled={false}
                                  data-slot="button"
+                                 data-day="2026. 4. 1."
-                                 data-day="4/1/2026"
                                  data-selected-single={undefined}
                                  data-range-start={undefined}
                                  data-range-end={undefined}
                                  data-range-middle={undefined}
                                  style={undefined}
                                  aria-disabled={undefined}
                                  aria-label="Wednesday, April 1st, 2026"
                                  onBlur={function DayPicker.useCallback[handleDayBlur]}
                                  onFocus={function DayPicker.useCallback[handleDayFocus]}
                                  onMouseEnter={function DayPicker.useCallback[handleDayMouseEnter]}
                                  onMouseLeave={function DayPicker.useCallback[handleDayMouseLeave]}
                                  ref={function}
                                  className={"group/button shrink-0 items-center justify-center rounded-lg border-tra..."}
                                >
+                                 1
                    <Day day={{date:Date, ...}} modifiers={{focused:false, ...}} className={"group/da..."} style={{}} ...>
                      <td className={"group/da..."} style={{}} role="gridcell" aria-selected={undefined} ...>
                        <DayButton className="rdp-day_bu..." style={undefined} type="button" day={{date:Date, ...}} ...>
                          <CalendarDayButton locale={undefined} className="rdp-day_bu..." style={undefined} type="button" ...>
                            <Button variant="ghost" size="icon" data-day="2026. 4. 2." data-selected-single={undefined} ...>
                              <Button data-slot="button" className={"group/bu..."} data-day="2026. 4. 2." ...>
                                <button
                                  type="button"
                                  onClick={function onClick}
                                  onMouseDown={function onMouseDown}
                                  onKeyDown={function}
                                  onKeyUp={function onKeyUp}
                                  onPointerDown={function onPointerDown}
                                  tabIndex={-1}
                                  disabled={false}
                                  data-slot="button"
+                                 data-day="2026. 4. 2."
-                                 data-day="4/2/2026"
                                  data-selected-single={undefined}
                                  data-range-start={undefined}
                                  data-range-end={undefined}
                                  data-range-middle={undefined}
                                  style={undefined}
                                  aria-disabled={undefined}
                                  aria-label="Thursday, April 2nd, 2026"
                                  onBlur={function DayPicker.useCallback[handleDayBlur]}
                                  onFocus={function DayPicker.useCallback[handleDayFocus]}
                                  onMouseEnter={function DayPicker.useCallback[handleDayMouseEnter]}
                                  onMouseLeave={function DayPicker.useCallback[handleDayMouseLeave]}
                                  ref={function}
                                  className={"group/button shrink-0 items-center justify-center rounded-lg border-tra..."}
                                >
+                                 2
                    <Day day={{date:Date, ...}} modifiers={{focused:false, ...}} className={"group/da..."} style={{}} ...>
                      <td className={"group/da..."} style={{}} role="gridcell" aria-selected={undefined} ...>
                        <DayButton className="rdp-day_bu..." style={undefined} type="button" day={{date:Date, ...}} ...>
                          <CalendarDayButton locale={undefined} className="rdp-day_bu..." style={undefined} type="button" ...>
                            <Button variant="ghost" size="icon" data-day="2026. 4. 3." data-selected-single={undefined} ...>
                              <Button data-slot="button" className={"group/bu..."} data-day="2026. 4. 3." ...>
                                <button
                                  type="button"
                                  onClick={function onClick}
                                  onMouseDown={function onMouseDown}
                                  onKeyDown={function}
                                  onKeyUp={function onKeyUp}
                                  onPointerDown={function onPointerDown}
                                  tabIndex={-1}
                                  disabled={false}
                                  data-slot="button"
+                                 data-day="2026. 4. 3."
-                                 data-day="4/3/2026"
                                  data-selected-single={undefined}
                                  data-range-start={undefined}
                                  data-range-end={undefined}
                                  data-range-middle={undefined}
                                  style={undefined}
                                  aria-disabled={undefined}
                                  aria-label="Friday, April 3rd, 2026"
                                  onBlur={function DayPicker.useCallback[handleDayBlur]}
                                  onFocus={function DayPicker.useCallback[handleDayFocus]}
                                  onMouseEnter={function DayPicker.useCallback[handleDayMouseEnter]}
                                  onMouseLeave={function DayPicker.useCallback[handleDayMouseLeave]}
                                  ref={function}
                                  className={"group/button shrink-0 items-center justify-center rounded-lg border-tra..."}
                                >
+                                 3
                    <Day day={{date:Date, ...}} modifiers={{focused:false, ...}} className={"group/da..."} style={{}} ...>
                      <td className={"group/da..."} style={{}} role="gridcell" aria-selected={undefined} ...>
                        <DayButton className="rdp-day_bu..." style={undefined} type="button" day={{date:Date, ...}} ...>
                          <CalendarDayButton locale={undefined} className="rdp-day_bu..." style={undefined} type="button" ...>
                            <Button variant="ghost" size="icon" data-day="2026. 4. 4." data-selected-single={undefined} ...>
                              <Button data-slot="button" className={"group/bu..."} data-day="2026. 4. 4." ...>
                                <button
                                  type="button"
                                  onClick={function onClick}
                                  onMouseDown={function onMouseDown}
                                  onKeyDown={function}
                                  onKeyUp={function onKeyUp}
                                  onPointerDown={function onPointerDown}
                                  tabIndex={-1}
                                  disabled={false}
                                  data-slot="button"
+                                 data-day="2026. 4. 4."
-                                 data-day="4/4/2026"
                                  data-selected-single={undefined}
                                  data-range-start={undefined}
                                  data-range-end={undefined}
                                  data-range-middle={undefined}
                                  style={undefined}
                                  aria-disabled={undefined}
                                  aria-label="Saturday, April 4th, 2026"
                                  onBlur={function DayPicker.useCallback[handleDayBlur]}
                                  onFocus={function DayPicker.useCallback[handleDayFocus]}
                                  onMouseEnter={function DayPicker.useCallback[handleDayMouseEnter]}
                                  onMouseLeave={function DayPicker.useCallback[handleDayMouseLeave]}
                                  ref={function}
                                  className={"group/button shrink-0 items-center justify-center rounded-lg border-tra..."}
                                >
+                                 4
                <Week className="mt-2 flex ..." style={undefined} week={{days:[...], ...}}>
                  <tr className="mt-2 flex ..." style={undefined}>
                    <Day day={{date:Date, ...}} modifiers={{focused:false, ...}} className={"group/da..."} style={{}} ...>
                      <td className={"group/da..."} style={{}} role="gridcell" aria-selected={undefined} ...>
                        <DayButton className="rdp-day_bu..." style={undefined} type="button" day={{date:Date, ...}} ...>
                          <CalendarDayButton locale={undefined} className="rdp-day_bu..." style={undefined} type="button" ...>
                            <Button variant="ghost" size="icon" data-day="2026. 4. 5." data-selected-single={undefined} ...>
                              <Button data-slot="button" className={"group/bu..."} data-day="2026. 4. 5." ...>
                                <button
                                  type="button"
                                  onClick={function onClick}
                                  onMouseDown={function onMouseDown}
                                  onKeyDown={function}
                                  onKeyUp={function onKeyUp}
                                  onPointerDown={function onPointerDown}
                                  tabIndex={-1}
                                  disabled={false}
                                  data-slot="button"
+                                 data-day="2026. 4. 5."
-                                 data-day="4/5/2026"
                                  data-selected-single={undefined}
                                  data-range-start={undefined}
                                  data-range-end={undefined}
                                  data-range-middle={undefined}
                                  style={undefined}
                                  aria-disabled={undefined}
                                  aria-label="Sunday, April 5th, 2026"
                                  onBlur={function DayPicker.useCallback[handleDayBlur]}
                                  onFocus={function DayPicker.useCallback[handleDayFocus]}
                                  onMouseEnter={function DayPicker.useCallback[handleDayMouseEnter]}
                                  onMouseLeave={function DayPicker.useCallback[handleDayMouseLeave]}
                                  ref={function}
                                  className={"group/button shrink-0 items-center justify-center rounded-lg border-tra..."}
                                >
+                                 5
                    <Day day={{date:Date, ...}} modifiers={{focused:false, ...}} className={"group/da..."} style={{}} ...>
                      <td className={"group/da..."} style={{}} role="gridcell" aria-selected={undefined} ...>
                        <DayButton className="rdp-day_bu..." style={undefined} type="button" day={{date:Date, ...}} ...>
                          <CalendarDayButton locale={undefined} className="rdp-day_bu..." style={undefined} type="button" ...>
                            <Button variant="ghost" size="icon" data-day="2026. 4. 6." data-selected-single={undefined} ...>
                              <Button data-slot="button" className={"group/bu..."} data-day="2026. 4. 6." ...>
                                <button
                                  type="button"
                                  onClick={function onClick}
                                  onMouseDown={function onMouseDown}
                                  onKeyDown={function}
                                  onKeyUp={function onKeyUp}
                                  onPointerDown={function onPointerDown}
                                  tabIndex={-1}
                                  disabled={false}
                                  data-slot="button"
+                                 data-day="2026. 4. 6."
-                                 data-day="4/6/2026"
                                  data-selected-single={undefined}
                                  data-range-start={undefined}
                                  data-range-end={undefined}
                                  data-range-middle={undefined}
                                  style={undefined}
                                  aria-disabled={undefined}
                                  aria-label="Monday, April 6th, 2026"
                                  onBlur={function DayPicker.useCallback[handleDayBlur]}
                                  onFocus={function DayPicker.useCallback[handleDayFocus]}
                                  onMouseEnter={function DayPicker.useCallback[handleDayMouseEnter]}
                                  onMouseLeave={function DayPicker.useCallback[handleDayMouseLeave]}
                                  ref={function}
                                  className={"group/button shrink-0 items-center justify-center rounded-lg border-tra..."}
                                >
+                                 6
                    <Day day={{date:Date, ...}} modifiers={{focused:false, ...}} className={"group/da..."} style={{}} ...>
                      <td className={"group/da..."} style={{}} role="gridcell" aria-selected={undefined} ...>
                        <DayButton className="rdp-day_bu..." style={undefined} type="button" day={{date:Date, ...}} ...>
                          <CalendarDayButton locale={undefined} className="rdp-day_bu..." style={undefined} type="button" ...>
                            <Button variant="ghost" size="icon" data-day="2026. 4. 7." data-selected-single={undefined} ...>
                              <Button data-slot="button" className={"group/bu..."} data-day="2026. 4. 7." ...>
                                <button
                                  type="button"
                                  onClick={function onClick}
                                  onMouseDown={function onMouseDown}
                                  onKeyDown={function}
                                  onKeyUp={function onKeyUp}
                                  onPointerDown={function onPointerDown}
                                  tabIndex={-1}
                                  disabled={false}
                                  data-slot="button"
+                                 data-day="2026. 4. 7."
-                                 data-day="4/7/2026"
                                  data-selected-single={undefined}
                                  data-range-start={undefined}
                                  data-range-end={undefined}
                                  data-range-middle={undefined}
                                  style={undefined}
                                  aria-disabled={undefined}
                                  aria-label="Tuesday, April 7th, 2026"
                                  onBlur={function DayPicker.useCallback[handleDayBlur]}
                                  onFocus={function DayPicker.useCallback[handleDayFocus]}
                                  onMouseEnter={function DayPicker.useCallback[handleDayMouseEnter]}
                                  onMouseLeave={function DayPicker.useCallback[handleDayMouseLeave]}
                                  ref={function}
                                  className={"group/button shrink-0 items-center justify-center rounded-lg border-tra..."}
                                >
+                                 7
                    <Day day={{date:Date, ...}} modifiers={{focused:false, ...}} className={"group/da..."} style={{}} ...>
                      <td className={"group/da..."} style={{}} role="gridcell" aria-selected={undefined} ...>
                        <DayButton className="rdp-day_bu..." style={undefined} type="button" day={{date:Date, ...}} ...>
                          <CalendarDayButton locale={undefined} className="rdp-day_bu..." style={undefined} type="button" ...>
                            <Button variant="ghost" size="icon" data-day="2026. 4. 8." data-selected-single={undefined} ...>
                              <Button data-slot="button" className={"group/bu..."} data-day="2026. 4. 8." ...>
                                <button
                                  type="button"
                                  onClick={function onClick}
                                  onMouseDown={function onMouseDown}
                                  onKeyDown={function}
                                  onKeyUp={function onKeyUp}
                                  onPointerDown={function onPointerDown}
                                  tabIndex={-1}
                                  disabled={false}
                                  data-slot="button"
+                                 data-day="2026. 4. 8."
-                                 data-day="4/8/2026"
                                  data-selected-single={undefined}
                                  data-range-start={undefined}
                                  data-range-end={undefined}
                                  data-range-middle={undefined}
                                  style={undefined}
                                  aria-disabled={undefined}
                                  aria-label="Wednesday, April 8th, 2026"
                                  onBlur={function DayPicker.useCallback[handleDayBlur]}
                                  onFocus={function DayPicker.useCallback[handleDayFocus]}
                                  onMouseEnter={function DayPicker.useCallback[handleDayMouseEnter]}
                                  onMouseLeave={function DayPicker.useCallback[handleDayMouseLeave]}
                                  ref={function}
                                  className={"group/button shrink-0 items-center justify-center rounded-lg border-tra..."}
                                >
+                                 8
                    <Day day={{date:Date, ...}} modifiers={{focused:false, ...}} className={"group/da..."} style={{}} ...>
                      <td className={"group/da..."} style={{}} role="gridcell" aria-selected={undefined} ...>
                        <DayButton className="rdp-day_bu..." style={undefined} type="button" day={{date:Date, ...}} ...>
                          <CalendarDayButton locale={undefined} className="rdp-day_bu..." style={undefined} type="button" ...>
                            <Button variant="ghost" size="icon" data-day="2026. 4. 9." data-selected-single={undefined} ...>
                              <Button data-slot="button" className={"group/bu..."} data-day="2026. 4. 9." ...>
                                <button
                                  type="button"
                                  onClick={function onClick}
                                  onMouseDown={function onMouseDown}
                                  onKeyDown={function}
                                  onKeyUp={function onKeyUp}
                                  onPointerDown={function onPointerDown}
                                  tabIndex={-1}
                                  disabled={false}
                                  data-slot="button"
+                                 data-day="2026. 4. 9."
-                                 data-day="4/9/2026"
                                  data-selected-single={undefined}
                                  data-range-start={undefined}
                                  data-range-end={undefined}
                                  data-range-middle={undefined}
                                  style={undefined}
                                  aria-disabled={undefined}
                                  aria-label="Thursday, April 9th, 2026"
                                  onBlur={function DayPicker.useCallback[handleDayBlur]}
                                  onFocus={function DayPicker.useCallback[handleDayFocus]}
                                  onMouseEnter={function DayPicker.useCallback[handleDayMouseEnter]}
                                  onMouseLeave={function DayPicker.useCallback[handleDayMouseLeave]}
                                  ref={function}
                                  className={"group/button shrink-0 items-center justify-center rounded-lg border-tra..."}
                                >
+                                 9
                    <Day day={{date:Date, ...}} modifiers={{focused:false, ...}} className={"group/da..."} style={{}} ...>
                      <td className={"group/da..."} style={{}} role="gridcell" aria-selected={undefined} ...>
                        <DayButton className="rdp-day_bu..." style={undefined} type="button" day={{date:Date, ...}} ...>
                          <CalendarDayButton locale={undefined} className="rdp-day_bu..." style={undefined} type="button" ...>
                            <Button variant="ghost" size="icon" data-day="2026. 4. 10." data-selected-single={undefined} ...>
                              <Button data-slot="button" className={"group/bu..."} data-day="2026. 4. 10." ...>
                                <button
                                  type="button"
                                  onClick={function onClick}
                                  onMouseDown={function onMouseDown}
                                  onKeyDown={function}
                                  onKeyUp={function onKeyUp}
                                  onPointerDown={function onPointerDown}
                                  tabIndex={-1}
                                  disabled={false}
                                  data-slot="button"
+                                 data-day="2026. 4. 10."
-                                 data-day="4/10/2026"
                                  data-selected-single={undefined}
                                  data-range-start={undefined}
                                  data-range-end={undefined}
                                  data-range-middle={undefined}
                                  style={undefined}
                                  aria-disabled={undefined}
                                  aria-label="Friday, April 10th, 2026"
                                  onBlur={function DayPicker.useCallback[handleDayBlur]}
                                  onFocus={function DayPicker.useCallback[handleDayFocus]}
                                  onMouseEnter={function DayPicker.useCallback[handleDayMouseEnter]}
                                  onMouseLeave={function DayPicker.useCallback[handleDayMouseLeave]}
                                  ref={function}
                                  className={"group/button shrink-0 items-center justify-center rounded-lg border-tra..."}
                                >
+                                 10
                    <Day day={{date:Date, ...}} modifiers={{focused:false, ...}} className={"group/da..."} style={{}} ...>
                      <td className={"group/da..."} style={{}} role="gridcell" aria-selected={undefined} ...>
                        <DayButton className="rdp-day_bu..." style={undefined} type="button" day={{date:Date, ...}} ...>
                          <CalendarDayButton locale={undefined} className="rdp-day_bu..." style={undefined} type="button" ...>
                            <Button variant="ghost" size="icon" data-day="2026. 4. 11." data-selected-single={undefined} ...>
                              <Button data-slot="button" className={"group/bu..."} data-day="2026. 4. 11." ...>
                                <button
                                  type="button"
                                  onClick={function onClick}
                                  onMouseDown={function onMouseDown}
                                  onKeyDown={function}
                                  onKeyUp={function onKeyUp}
                                  onPointerDown={function onPointerDown}
                                  tabIndex={-1}
                                  disabled={false}
                                  data-slot="button"
+                                 data-day="2026. 4. 11."
-                                 data-day="4/11/2026"
                                  data-selected-single={undefined}
                                  data-range-start={undefined}
                                  data-range-end={undefined}
                                  data-range-middle={undefined}
                                  style={undefined}
                                  aria-disabled={undefined}
                                  aria-label="Saturday, April 11th, 2026"
                                  onBlur={function DayPicker.useCallback[handleDayBlur]}
                                  onFocus={function DayPicker.useCallback[handleDayFocus]}
                                  onMouseEnter={function DayPicker.useCallback[handleDayMouseEnter]}
                                  onMouseLeave={function DayPicker.useCallback[handleDayMouseLeave]}
                                  ref={function}
                                  className={"group/button shrink-0 items-center justify-center rounded-lg border-tra..."}
                                >
+                                 11
                <Week className="mt-2 flex ..." style={undefined} week={{days:[...], ...}}>
                  <tr className="mt-2 flex ..." style={undefined}>
                    <Day day={{date:Date, ...}} modifiers={{focused:false, ...}} className={"group/da..."} style={{}} ...>
                      <td className={"group/da..."} style={{}} role="gridcell" aria-selected={undefined} ...>
                        <DayButton className="rdp-day_bu..." style={undefined} type="button" day={{date:Date, ...}} ...>
                          <CalendarDayButton locale={undefined} className="rdp-day_bu..." style={undefined} type="button" ...>
                            <Button variant="ghost" size="icon" data-day="2026. 4. 12." data-selected-single={undefined} ...>
                              <Button data-slot="button" className={"group/bu..."} data-day="2026. 4. 12." ...>
                                <button
                                  type="button"
                                  onClick={function onClick}
                                  onMouseDown={function onMouseDown}
                                  onKeyDown={function}
                                  onKeyUp={function onKeyUp}
                                  onPointerDown={function onPointerDown}
                                  tabIndex={-1}
                                  disabled={false}
                                  data-slot="button"
+                                 data-day="2026. 4. 12."
-                                 data-day="4/12/2026"
                                  data-selected-single={undefined}
                                  data-range-start={undefined}
                                  data-range-end={undefined}
                                  data-range-middle={undefined}
                                  style={undefined}
                                  aria-disabled={undefined}
                                  aria-label="Sunday, April 12th, 2026"
                                  onBlur={function DayPicker.useCallback[handleDayBlur]}
                                  onFocus={function DayPicker.useCallback[handleDayFocus]}
                                  onMouseEnter={function DayPicker.useCallback[handleDayMouseEnter]}
                                  onMouseLeave={function DayPicker.useCallback[handleDayMouseLeave]}
                                  ref={function}
                                  className={"group/button shrink-0 items-center justify-center rounded-lg border-tra..."}
                                >
+                                 12
                    <Day day={{date:Date, ...}} modifiers={{focused:false, ...}} className={"group/da..."} style={{}} ...>
                      <td className={"group/da..."} style={{}} role="gridcell" aria-selected={undefined} ...>
                        <DayButton className="rdp-day_bu..." style={undefined} type="button" day={{date:Date, ...}} ...>
                          <CalendarDayButton locale={undefined} className="rdp-day_bu..." style={undefined} type="button" ...>
                            <Button variant="ghost" size="icon" data-day="2026. 4. 13." data-selected-single={undefined} ...>
                              <Button data-slot="button" className={"group/bu..."} data-day="2026. 4. 13." ...>
                                <button
                                  type="button"
                                  onClick={function onClick}
                                  onMouseDown={function onMouseDown}
                                  onKeyDown={function}
                                  onKeyUp={function onKeyUp}
                                  onPointerDown={function onPointerDown}
                                  tabIndex={-1}
                                  disabled={false}
                                  data-slot="button"
+                                 data-day="2026. 4. 13."
-                                 data-day="4/13/2026"
                                  data-selected-single={undefined}
                                  data-range-start={undefined}
                                  data-range-end={undefined}
                                  data-range-middle={undefined}
                                  style={undefined}
                                  aria-disabled={undefined}
                                  aria-label="Monday, April 13th, 2026"
                                  onBlur={function DayPicker.useCallback[handleDayBlur]}
                                  onFocus={function DayPicker.useCallback[handleDayFocus]}
                                  onMouseEnter={function DayPicker.useCallback[handleDayMouseEnter]}
                                  onMouseLeave={function DayPicker.useCallback[handleDayMouseLeave]}
                                  ref={function}
                                  className={"group/button shrink-0 items-center justify-center rounded-lg border-tra..."}
                                >
+                                 13
                    <Day day={{date:Date, ...}} modifiers={{focused:false, ...}} className={"group/da..."} style={{}} ...>
                      <td className={"group/da..."} style={{}} role="gridcell" aria-selected={undefined} ...>
                        <DayButton className="rdp-day_bu..." style={undefined} type="button" day={{date:Date, ...}} ...>
                          <CalendarDayButton locale={undefined} className="rdp-day_bu..." style={undefined} type="button" ...>
                            <Button variant="ghost" size="icon" data-day="2026. 4. 14." data-selected-single={undefined} ...>
                              <Button data-slot="button" className={"group/bu..."} data-day="2026. 4. 14." ...>
                                <button
                                  type="button"
                                  onClick={function onClick}
                                  onMouseDown={function onMouseDown}
                                  onKeyDown={function}
                                  onKeyUp={function onKeyUp}
                                  onPointerDown={function onPointerDown}
                                  tabIndex={-1}
                                  disabled={false}
                                  data-slot="button"
+                                 data-day="2026. 4. 14."
-                                 data-day="4/14/2026"
                                  data-selected-single={undefined}
                                  data-range-start={undefined}
                                  data-range-end={undefined}
                                  data-range-middle={undefined}
                                  style={undefined}
                                  aria-disabled={undefined}
                                  aria-label="Tuesday, April 14th, 2026"
                                  onBlur={function DayPicker.useCallback[handleDayBlur]}
                                  onFocus={function DayPicker.useCallback[handleDayFocus]}
                                  onMouseEnter={function DayPicker.useCallback[handleDayMouseEnter]}
                                  onMouseLeave={function DayPicker.useCallback[handleDayMouseLeave]}
                                  ref={function}
                                  className={"group/button shrink-0 items-center justify-center rounded-lg border-tra..."}
                                >
+                                 14
                    <Day day={{date:Date, ...}} modifiers={{focused:false, ...}} className={"group/da..."} style={{}} ...>
                      <td className={"group/da..."} style={{}} role="gridcell" aria-selected={undefined} ...>
                        <DayButton className="rdp-day_bu..." style={undefined} type="button" day={{date:Date, ...}} ...>
                          <CalendarDayButton locale={undefined} className="rdp-day_bu..." style={undefined} type="button" ...>
                            <Button variant="ghost" size="icon" data-day="2026. 4. 15." data-selected-single={undefined} ...>
                              <Button data-slot="button" className={"group/bu..."} data-day="2026. 4. 15." ...>
                                <button
                                  type="button"
                                  onClick={function onClick}
                                  onMouseDown={function onMouseDown}
                                  onKeyDown={function}
                                  onKeyUp={function onKeyUp}
                                  onPointerDown={function onPointerDown}
                                  tabIndex={0}
                                  disabled={false}
                                  data-slot="button"
+                                 data-day="2026. 4. 15."
-                                 data-day="4/15/2026"
                                  data-selected-single={undefined}
                                  data-range-start={undefined}
                                  data-range-end={undefined}
                                  data-range-middle={undefined}
                                  style={undefined}
                                  aria-disabled={undefined}
                                  aria-label="Today, Wednesday, April 15th, 2026"
                                  onBlur={function DayPicker.useCallback[handleDayBlur]}
                                  onFocus={function DayPicker.useCallback[handleDayFocus]}
                                  onMouseEnter={function DayPicker.useCallback[handleDayMouseEnter]}
                                  onMouseLeave={function DayPicker.useCallback[handleDayMouseLeave]}
                                  ref={function}
                                  className={"group/button shrink-0 items-center justify-center rounded-lg border-tra..."}
                                >
+                                 15
                    <Day day={{date:Date, ...}} modifiers={{focused:false, ...}} className={"group/da..."} style={{}} ...>
                      <td className={"group/da..."} style={{}} role="gridcell" aria-selected={undefined} ...>
                        <DayButton className="rdp-day_bu..." style={undefined} type="button" day={{date:Date, ...}} ...>
                          <CalendarDayButton locale={undefined} className="rdp-day_bu..." style={undefined} type="button" ...>
                            <Button variant="ghost" size="icon" data-day="2026. 4. 16." data-selected-single={undefined} ...>
                              <Button data-slot="button" className={"group/bu..."} data-day="2026. 4. 16." ...>
                                <button
                                  type="button"
                                  onClick={function onClick}
                                  onMouseDown={function onMouseDown}
                                  onKeyDown={function}
                                  onKeyUp={function onKeyUp}
                                  onPointerDown={function onPointerDown}
                                  tabIndex={-1}
                                  disabled={false}
                                  data-slot="button"
+                                 data-day="2026. 4. 16."
-                                 data-day="4/16/2026"
                                  data-selected-single={undefined}
                                  data-range-start={undefined}
                                  data-range-end={undefined}
                                  data-range-middle={undefined}
                                  style={undefined}
                                  aria-disabled={undefined}
                                  aria-label="Thursday, April 16th, 2026"
                                  onBlur={function DayPicker.useCallback[handleDayBlur]}
                                  onFocus={function DayPicker.useCallback[handleDayFocus]}
                                  onMouseEnter={function DayPicker.useCallback[handleDayMouseEnter]}
                                  onMouseLeave={function DayPicker.useCallback[handleDayMouseLeave]}
                                  ref={function}
                                  className={"group/button shrink-0 items-center justify-center rounded-lg border-tra..."}
                                >
+                                 16
                    <Day day={{date:Date, ...}} modifiers={{focused:false, ...}} className={"group/da..."} style={{}} ...>
                      <td className={"group/da..."} style={{}} role="gridcell" aria-selected={undefined} ...>
                        <DayButton className="rdp-day_bu..." style={undefined} type="button" day={{date:Date, ...}} ...>
                          <CalendarDayButton locale={undefined} className="rdp-day_bu..." style={undefined} type="button" ...>
                            <Button variant="ghost" size="icon" data-day="2026. 4. 17." data-selected-single={undefined} ...>
                              <Button data-slot="button" className={"group/bu..."} data-day="2026. 4. 17." ...>
                                <button
                                  type="button"
                                  onClick={function onClick}
                                  onMouseDown={function onMouseDown}
                                  onKeyDown={function}
                                  onKeyUp={function onKeyUp}
                                  onPointerDown={function onPointerDown}
                                  tabIndex={-1}
                                  disabled={false}
                                  data-slot="button"
+                                 data-day="2026. 4. 17."
-                                 data-day="4/17/2026"
                                  data-selected-single={undefined}
                                  data-range-start={undefined}
                                  data-range-end={undefined}
                                  data-range-middle={undefined}
                                  style={undefined}
                                  aria-disabled={undefined}
                                  aria-label="Friday, April 17th, 2026"
                                  onBlur={function DayPicker.useCallback[handleDayBlur]}
                                  onFocus={function DayPicker.useCallback[handleDayFocus]}
                                  onMouseEnter={function DayPicker.useCallback[handleDayMouseEnter]}
                                  onMouseLeave={function DayPicker.useCallback[handleDayMouseLeave]}
                                  ref={function}
                                  className={"group/button shrink-0 items-center justify-center rounded-lg border-tra..."}
                                >
+                                 17
                    <Day day={{date:Date, ...}} modifiers={{focused:false, ...}} className={"group/da..."} style={{}} ...>
                      <td className={"group/da..."} style={{}} role="gridcell" aria-selected={undefined} ...>
                        <DayButton className="rdp-day_bu..." style={undefined} type="button" day={{date:Date, ...}} ...>
                          <CalendarDayButton locale={undefined} className="rdp-day_bu..." style={undefined} type="button" ...>
                            <Button variant="ghost" size="icon" data-day="2026. 4. 18." data-selected-single={undefined} ...>
                              <Button data-slot="button" className={"group/bu..."} data-day="2026. 4. 18." ...>
                                <button
                                  type="button"
                                  onClick={function onClick}
                                  onMouseDown={function onMouseDown}
                                  onKeyDown={function}
                                  onKeyUp={function onKeyUp}
                                  onPointerDown={function onPointerDown}
                                  tabIndex={-1}
                                  disabled={false}
                                  data-slot="button"
+                                 data-day="2026. 4. 18."
-                                 data-day="4/18/2026"
                                  data-selected-single={undefined}
                                  data-range-start={undefined}
                                  data-range-end={undefined}
                                  data-range-middle={undefined}
                                  style={undefined}
                                  aria-disabled={undefined}
                                  aria-label="Saturday, April 18th, 2026"
                                  onBlur={function DayPicker.useCallback[handleDayBlur]}
                                  onFocus={function DayPicker.useCallback[handleDayFocus]}
                                  onMouseEnter={function DayPicker.useCallback[handleDayMouseEnter]}
                                  onMouseLeave={function DayPicker.useCallback[handleDayMouseLeave]}
                                  ref={function}
                                  className={"group/button shrink-0 items-center justify-center rounded-lg border-tra..."}
                                >
+                                 18
                <Week className="mt-2 flex ..." style={undefined} week={{days:[...], ...}}>
                  <tr className="mt-2 flex ..." style={undefined}>
                    <Day day={{date:Date, ...}} modifiers={{focused:false, ...}} className={"group/da..."} style={{}} ...>
                      <td className={"group/da..."} style={{}} role="gridcell" aria-selected={undefined} ...>
                        <DayButton className="rdp-day_bu..." style={undefined} type="button" day={{date:Date, ...}} ...>
                          <CalendarDayButton locale={undefined} className="rdp-day_bu..." style={undefined} type="button" ...>
                            <Button variant="ghost" size="icon" data-day="2026. 4. 19." data-selected-single={undefined} ...>
                              <Button data-slot="button" className={"group/bu..."} data-day="2026. 4. 19." ...>
                                <button
                                  type="button"
                                  onClick={function onClick}
                                  onMouseDown={function onMouseDown}
                                  onKeyDown={function}
                                  onKeyUp={function onKeyUp}
                                  onPointerDown={function onPointerDown}
                                  tabIndex={-1}
                                  disabled={false}
                                  data-slot="button"
+                                 data-day="2026. 4. 19."
-                                 data-day="4/19/2026"
                                  data-selected-single={undefined}
                                  data-range-start={undefined}
                                  data-range-end={undefined}
                                  data-range-middle={undefined}
                                  style={undefined}
                                  aria-disabled={undefined}
                                  aria-label="Sunday, April 19th, 2026"
                                  onBlur={function DayPicker.useCallback[handleDayBlur]}
                                  onFocus={function DayPicker.useCallback[handleDayFocus]}
                                  onMouseEnter={function DayPicker.useCallback[handleDayMouseEnter]}
                                  onMouseLeave={function DayPicker.useCallback[handleDayMouseLeave]}
                                  ref={function}
                                  className={"group/button shrink-0 items-center justify-center rounded-lg border-tra..."}
                                >
+                                 19
                    <Day day={{date:Date, ...}} modifiers={{focused:false, ...}} className={"group/da..."} style={{}} ...>
                      <td className={"group/da..."} style={{}} role="gridcell" aria-selected={undefined} ...>
                        <DayButton className="rdp-day_bu..." style={undefined} type="button" day={{date:Date, ...}} ...>
                          <CalendarDayButton locale={undefined} className="rdp-day_bu..." style={undefined} type="button" ...>
                            <Button variant="ghost" size="icon" data-day="2026. 4. 20." data-selected-single={undefined} ...>
                              <Button data-slot="button" className={"group/bu..."} data-day="2026. 4. 20." ...>
                                <button
                                  type="button"
                                  onClick={function onClick}
                                  onMouseDown={function onMouseDown}
                                  onKeyDown={function}
                                  onKeyUp={function onKeyUp}
                                  onPointerDown={function onPointerDown}
                                  tabIndex={-1}
                                  disabled={false}
                                  data-slot="button"
+                                 data-day="2026. 4. 20."
-                                 data-day="4/20/2026"
                                  data-selected-single={undefined}
                                  data-range-start={undefined}
                                  data-range-end={undefined}
                                  data-range-middle={undefined}
                                  style={undefined}
                                  aria-disabled={undefined}
                                  aria-label="Monday, April 20th, 2026"
                                  onBlur={function DayPicker.useCallback[handleDayBlur]}
                                  onFocus={function DayPicker.useCallback[handleDayFocus]}
                                  onMouseEnter={function DayPicker.useCallback[handleDayMouseEnter]}
                                  onMouseLeave={function DayPicker.useCallback[handleDayMouseLeave]}
                                  ref={function}
                                  className={"group/button shrink-0 items-center justify-center rounded-lg border-tra..."}
                                >
+                                 20
                    <Day day={{date:Date, ...}} modifiers={{focused:false, ...}} className={"group/da..."} style={{}} ...>
                      <td className={"group/da..."} style={{}} role="gridcell" aria-selected={undefined} ...>
                        <DayButton className="rdp-day_bu..." style={undefined} type="button" day={{date:Date, ...}} ...>
                          <CalendarDayButton locale={undefined} className="rdp-day_bu..." style={undefined} type="button" ...>
                            <Button variant="ghost" size="icon" data-day="2026. 4. 21." data-selected-single={undefined} ...>
                              <Button data-slot="button" className={"group/bu..."} data-day="2026. 4. 21." ...>
                                <button
                                  type="button"
                                  onClick={function onClick}
                                  onMouseDown={function onMouseDown}
                                  onKeyDown={function}
                                  onKeyUp={function onKeyUp}
                                  onPointerDown={function onPointerDown}
                                  tabIndex={-1}
                                  disabled={false}
                                  data-slot="button"
+                                 data-day="2026. 4. 21."
-                                 data-day="4/21/2026"
                                  data-selected-single={undefined}
                                  data-range-start={undefined}
                                  data-range-end={undefined}
                                  data-range-middle={undefined}
                                  style={undefined}
                                  aria-disabled={undefined}
                                  aria-label="Tuesday, April 21st, 2026"
                                  onBlur={function DayPicker.useCallback[handleDayBlur]}
                                  onFocus={function DayPicker.useCallback[handleDayFocus]}
                                  onMouseEnter={function DayPicker.useCallback[handleDayMouseEnter]}
                                  onMouseLeave={function DayPicker.useCallback[handleDayMouseLeave]}
                                  ref={function}
                                  className={"group/button shrink-0 items-center justify-center rounded-lg border-tra..."}
                                >
+                                 21
                    <Day day={{date:Date, ...}} modifiers={{focused:false, ...}} className={"group/da..."} style={{}} ...>
                      <td className={"group/da..."} style={{}} role="gridcell" aria-selected={undefined} ...>
                        <DayButton className="rdp-day_bu..." style={undefined} type="button" day={{date:Date, ...}} ...>
                          <CalendarDayButton locale={undefined} className="rdp-day_bu..." style={undefined} type="button" ...>
                            <Button variant="ghost" size="icon" data-day="2026. 4. 22." data-selected-single={undefined} ...>
                              <Button data-slot="button" className={"group/bu..."} data-day="2026. 4. 22." ...>
                                <button
                                  type="button"
                                  onClick={function onClick}
                                  onMouseDown={function onMouseDown}
                                  onKeyDown={function}
                                  onKeyUp={function onKeyUp}
                                  onPointerDown={function onPointerDown}
                                  tabIndex={-1}
                                  disabled={false}
                                  data-slot="button"
+                                 data-day="2026. 4. 22."
-                                 data-day="4/22/2026"
                                  data-selected-single={undefined}
                                  data-range-start={undefined}
                                  data-range-end={undefined}
                                  data-range-middle={undefined}
                                  style={undefined}
                                  aria-disabled={undefined}
                                  aria-label="Wednesday, April 22nd, 2026"
                                  onBlur={function DayPicker.useCallback[handleDayBlur]}
                                  onFocus={function DayPicker.useCallback[handleDayFocus]}
                                  onMouseEnter={function DayPicker.useCallback[handleDayMouseEnter]}
                                  onMouseLeave={function DayPicker.useCallback[handleDayMouseLeave]}
                                  ref={function}
                                  className={"group/button shrink-0 items-center justify-center rounded-lg border-tra..."}
                                >
+                                 22
                    <Day day={{date:Date, ...}} modifiers={{focused:false, ...}} className={"group/da..."} style={{}} ...>
                      <td className={"group/da..."} style={{}} role="gridcell" aria-selected={undefined} ...>
                        <DayButton className="rdp-day_bu..." style={undefined} type="button" day={{date:Date, ...}} ...>
                          <CalendarDayButton locale={undefined} className="rdp-day_bu..." style={undefined} type="button" ...>
                            <Button variant="ghost" size="icon" data-day="2026. 4. 23." data-selected-single={undefined} ...>
                              <Button data-slot="button" className={"group/bu..."} data-day="2026. 4. 23." ...>
                                <button
                                  type="button"
                                  onClick={function onClick}
                                  onMouseDown={function onMouseDown}
                                  onKeyDown={function}
                                  onKeyUp={function onKeyUp}
                                  onPointerDown={function onPointerDown}
                                  tabIndex={-1}
                                  disabled={false}
                                  data-slot="button"
+                                 data-day="2026. 4. 23."
-                                 data-day="4/23/2026"
                                  data-selected-single={undefined}
                                  data-range-start={undefined}
                                  data-range-end={undefined}
                                  data-range-middle={undefined}
                                  style={undefined}
                                  aria-disabled={undefined}
                                  aria-label="Thursday, April 23rd, 2026"
                                  onBlur={function DayPicker.useCallback[handleDayBlur]}
                                  onFocus={function DayPicker.useCallback[handleDayFocus]}
                                  onMouseEnter={function DayPicker.useCallback[handleDayMouseEnter]}
                                  onMouseLeave={function DayPicker.useCallback[handleDayMouseLeave]}
                                  ref={function}
                                  className={"group/button shrink-0 items-center justify-center rounded-lg border-tra..."}
                                >
+                                 23
                    <Day day={{date:Date, ...}} modifiers={{focused:false, ...}} className={"group/da..."} style={{}} ...>
                      <td className={"group/da..."} style={{}} role="gridcell" aria-selected={undefined} ...>
                        <DayButton className="rdp-day_bu..." style={undefined} type="button" day={{date:Date, ...}} ...>
                          <CalendarDayButton locale={undefined} className="rdp-day_bu..." style={undefined} type="button" ...>
                            <Button variant="ghost" size="icon" data-day="2026. 4. 24." data-selected-single={undefined} ...>
                              <Button data-slot="button" className={"group/bu..."} data-day="2026. 4. 24." ...>
                                <button
                                  type="button"
                                  onClick={function onClick}
                                  onMouseDown={function onMouseDown}
                                  onKeyDown={function}
                                  onKeyUp={function onKeyUp}
                                  onPointerDown={function onPointerDown}
                                  tabIndex={-1}
                                  disabled={false}
                                  data-slot="button"
+                                 data-day="2026. 4. 24."
-                                 data-day="4/24/2026"
                                  data-selected-single={undefined}
                                  data-range-start={undefined}
                                  data-range-end={undefined}
                                  data-range-middle={undefined}
                                  style={undefined}
                                  aria-disabled={undefined}
                                  aria-label="Friday, April 24th, 2026"
                                  onBlur={function DayPicker.useCallback[handleDayBlur]}
                                  onFocus={function DayPicker.useCallback[handleDayFocus]}
                                  onMouseEnter={function DayPicker.useCallback[handleDayMouseEnter]}
                                  onMouseLeave={function DayPicker.useCallback[handleDayMouseLeave]}
                                  ref={function}
                                  className={"group/button shrink-0 items-center justify-center rounded-lg border-tra..."}
                                >
+                                 24
                    <Day day={{date:Date, ...}} modifiers={{focused:false, ...}} className={"group/da..."} style={{}} ...>
                      <td className={"group/da..."} style={{}} role="gridcell" aria-selected={undefined} ...>
                        <DayButton className="rdp-day_bu..." style={undefined} type="button" day={{date:Date, ...}} ...>
                          <CalendarDayButton locale={undefined} className="rdp-day_bu..." style={undefined} type="button" ...>
                            <Button variant="ghost" size="icon" data-day="2026. 4. 25." data-selected-single={undefined} ...>
                              <Button data-slot="button" className={"group/bu..."} data-day="2026. 4. 25." ...>
                                <button
                                  type="button"
                                  onClick={function onClick}
                                  onMouseDown={function onMouseDown}
                                  onKeyDown={function}
                                  onKeyUp={function onKeyUp}
                                  onPointerDown={function onPointerDown}
                                  tabIndex={-1}
                                  disabled={false}
                                  data-slot="button"
+                                 data-day="2026. 4. 25."
-                                 data-day="4/25/2026"
                                  data-selected-single={undefined}
                                  data-range-start={undefined}
                                  data-range-end={undefined}
                                  data-range-middle={undefined}
                                  style={undefined}
                                  aria-disabled={undefined}
                                  aria-label="Saturday, April 25th, 2026"
                                  onBlur={function DayPicker.useCallback[handleDayBlur]}
                                  onFocus={function DayPicker.useCallback[handleDayFocus]}
                                  onMouseEnter={function DayPicker.useCallback[handleDayMouseEnter]}
                                  onMouseLeave={function DayPicker.useCallback[handleDayMouseLeave]}
                                  ref={function}
                                  className={"group/button shrink-0 items-center justify-center rounded-lg border-tra..."}
                                >
+                                 25
                <Week className="mt-2 flex ..." style={undefined} week={{days:[...], ...}}>
                  <tr className="mt-2 flex ..." style={undefined}>
                    <Day day={{date:Date, ...}} modifiers={{focused:false, ...}} className={"group/da..."} style={{}} ...>
                      <td className={"group/da..."} style={{}} role="gridcell" aria-selected={undefined} ...>
                        <DayButton className="rdp-day_bu..." style={undefined} type="button" day={{date:Date, ...}} ...>
                          <CalendarDayButton locale={undefined} className="rdp-day_bu..." style={undefined} type="button" ...>
                            <Button variant="ghost" size="icon" data-day="2026. 4. 26." data-selected-single={undefined} ...>
                              <Button data-slot="button" className={"group/bu..."} data-day="2026. 4. 26." ...>
                                <button
                                  type="button"
                                  onClick={function onClick}
                                  onMouseDown={function onMouseDown}
                                  onKeyDown={function}
                                  onKeyUp={function onKeyUp}
                                  onPointerDown={function onPointerDown}
                                  tabIndex={-1}
                                  disabled={false}
                                  data-slot="button"
+                                 data-day="2026. 4. 26."
-                                 data-day="4/26/2026"
                                  data-selected-single={undefined}
                                  data-range-start={undefined}
                                  data-range-end={undefined}
                                  data-range-middle={undefined}
                                  style={undefined}
                                  aria-disabled={undefined}
                                  aria-label="Sunday, April 26th, 2026"
                                  onBlur={function DayPicker.useCallback[handleDayBlur]}
                                  onFocus={function DayPicker.useCallback[handleDayFocus]}
                                  onMouseEnter={function DayPicker.useCallback[handleDayMouseEnter]}
                                  onMouseLeave={function DayPicker.useCallback[handleDayMouseLeave]}
                                  ref={function}
                                  className={"group/button shrink-0 items-center justify-center rounded-lg border-tra..."}
                                >
+                                 26
                    <Day day={{date:Date, ...}} modifiers={{focused:false, ...}} className={"group/da..."} style={{}} ...>
                      <td className={"group/da..."} style={{}} role="gridcell" aria-selected={undefined} ...>
                        <DayButton className="rdp-day_bu..." style={undefined} type="button" day={{date:Date, ...}} ...>
                          <CalendarDayButton locale={undefined} className="rdp-day_bu..." style={undefined} type="button" ...>
                            <Button variant="ghost" size="icon" data-day="2026. 4. 27." data-selected-single={undefined} ...>
                              <Button data-slot="button" className={"group/bu..."} data-day="2026. 4. 27." ...>
                                <button
                                  type="button"
                                  onClick={function onClick}
                                  onMouseDown={function onMouseDown}
                                  onKeyDown={function}
                                  onKeyUp={function onKeyUp}
                                  onPointerDown={function onPointerDown}
                                  tabIndex={-1}
                                  disabled={false}
                                  data-slot="button"
+                                 data-day="2026. 4. 27."
-                                 data-day="4/27/2026"
                                  data-selected-single={undefined}
                                  data-range-start={undefined}
                                  data-range-end={undefined}
                                  data-range-middle={undefined}
                                  style={undefined}
                                  aria-disabled={undefined}
                                  aria-label="Monday, April 27th, 2026"
                                  onBlur={function DayPicker.useCallback[handleDayBlur]}
                                  onFocus={function DayPicker.useCallback[handleDayFocus]}
                                  onMouseEnter={function DayPicker.useCallback[handleDayMouseEnter]}
                                  onMouseLeave={function DayPicker.useCallback[handleDayMouseLeave]}
                                  ref={function}
                                  className={"group/button shrink-0 items-center justify-center rounded-lg border-tra..."}
                                >
+                                 27
                    <Day day={{date:Date, ...}} modifiers={{focused:false, ...}} className={"group/da..."} style={{}} ...>
                      <td className={"group/da..."} style={{}} role="gridcell" aria-selected={undefined} ...>
                        <DayButton className="rdp-day_bu..." style={undefined} type="button" day={{date:Date, ...}} ...>
                          <CalendarDayButton locale={undefined} className="rdp-day_bu..." style={undefined} type="button" ...>
                            <Button variant="ghost" size="icon" data-day="2026. 4. 28." data-selected-single={undefined} ...>
                              <Button data-slot="button" className={"group/bu..."} data-day="2026. 4. 28." ...>
                                <button
                                  type="button"
                                  onClick={function onClick}
                                  onMouseDown={function onMouseDown}
                                  onKeyDown={function}
                                  onKeyUp={function onKeyUp}
                                  onPointerDown={function onPointerDown}
                                  tabIndex={-1}
                                  disabled={false}
                                  data-slot="button"
+                                 data-day="2026. 4. 28."
-                                 data-day="4/28/2026"
                                  data-selected-single={undefined}
                                  data-range-start={undefined}
                                  data-range-end={undefined}
                                  data-range-middle={undefined}
                                  style={undefined}
                                  aria-disabled={undefined}
                                  aria-label="Tuesday, April 28th, 2026"
                                  onBlur={function DayPicker.useCallback[handleDayBlur]}
                                  onFocus={function DayPicker.useCallback[handleDayFocus]}
                                  onMouseEnter={function DayPicker.useCallback[handleDayMouseEnter]}
                                  onMouseLeave={function DayPicker.useCallback[handleDayMouseLeave]}
                                  ref={function}
                                  className={"group/button shrink-0 items-center justify-center rounded-lg border-tra..."}
                                >
+                                 28
                    <Day day={{date:Date, ...}} modifiers={{focused:false, ...}} className={"group/da..."} style={{}} ...>
                      <td className={"group/da..."} style={{}} role="gridcell" aria-selected={undefined} ...>
                        <DayButton className="rdp-day_bu..." style={undefined} type="button" day={{date:Date, ...}} ...>
                          <CalendarDayButton locale={undefined} className="rdp-day_bu..." style={undefined} type="button" ...>
                            <Button variant="ghost" size="icon" data-day="2026. 4. 29." data-selected-single={undefined} ...>
                              <Button data-slot="button" className={"group/bu..."} data-day="2026. 4. 29." ...>
                                <button
                                  type="button"
                                  onClick={function onClick}
                                  onMouseDown={function onMouseDown}
                                  onKeyDown={function}
                                  onKeyUp={function onKeyUp}
                                  onPointerDown={function onPointerDown}
                                  tabIndex={-1}
                                  disabled={false}
                                  data-slot="button"
+                                 data-day="2026. 4. 29."
-                                 data-day="4/29/2026"
                                  data-selected-single={undefined}
                                  data-range-start={undefined}
                                  data-range-end={undefined}
                                  data-range-middle={undefined}
                                  style={undefined}
                                  aria-disabled={undefined}
                                  aria-label="Wednesday, April 29th, 2026"
                                  onBlur={function DayPicker.useCallback[handleDayBlur]}
                                  onFocus={function DayPicker.useCallback[handleDayFocus]}
                                  onMouseEnter={function DayPicker.useCallback[handleDayMouseEnter]}
                                  onMouseLeave={function DayPicker.useCallback[handleDayMouseLeave]}
                                  ref={function}
                                  className={"group/button shrink-0 items-center justify-center rounded-lg border-tra..."}
                                >
+                                 29
                    <Day day={{date:Date, ...}} modifiers={{focused:false, ...}} className={"group/da..."} style={{}} ...>
                      <td className={"group/da..."} style={{}} role="gridcell" aria-selected={undefined} ...>
                        <DayButton className="rdp-day_bu..." style={undefined} type="button" day={{date:Date, ...}} ...>
                          <CalendarDayButton locale={undefined} className="rdp-day_bu..." style={undefined} type="button" ...>
                            <Button variant="ghost" size="icon" data-day="2026. 4. 30." data-selected-single={undefined} ...>
                              <Button data-slot="button" className={"group/bu..."} data-day="2026. 4. 30." ...>
                                <button
                                  type="button"
                                  onClick={function onClick}
                                  onMouseDown={function onMouseDown}
                                  onKeyDown={function}
                                  onKeyUp={function onKeyUp}
                                  onPointerDown={function onPointerDown}
                                  tabIndex={-1}
                                  disabled={false}
                                  data-slot="button"
+                                 data-day="2026. 4. 30."
-                                 data-day="4/30/2026"
                                  data-selected-single={undefined}
                                  data-range-start={undefined}
                                  data-range-end={undefined}
                                  data-range-middle={undefined}
                                  style={undefined}
                                  aria-disabled={undefined}
                                  aria-label="Thursday, April 30th, 2026"
                                  onBlur={function DayPicker.useCallback[handleDayBlur]}
                                  onFocus={function DayPicker.useCallback[handleDayFocus]}
                                  onMouseEnter={function DayPicker.useCallback[handleDayMouseEnter]}
                                  onMouseLeave={function DayPicker.useCallback[handleDayMouseLeave]}
                                  ref={function}
                                  className={"group/button shrink-0 items-center justify-center rounded-lg border-tra..."}
                                >
+                                 30
                    <Day day={{date:Date, ...}} modifiers={{focused:false, ...}} className={"group/da..."} style={{}} ...>
                      <td className={"group/da..."} style={{}} role="gridcell" aria-selected={undefined} ...>
                        <DayButton className="rdp-day_bu..." style={undefined} type="button" day={{date:Date, ...}} ...>
                          <CalendarDayButton locale={undefined} className="rdp-day_bu..." style={undefined} type="button" ...>
                            <Button variant="ghost" size="icon" data-day="2026. 5. 1." data-selected-single={undefined} ...>
                              <Button data-slot="button" className={"group/bu..."} data-day="2026. 5. 1." ...>
                                <button
                                  type="button"
                                  onClick={function onClick}
                                  onMouseDown={function onMouseDown}
                                  onKeyDown={function}
                                  onKeyUp={function onKeyUp}
                                  onPointerDown={function onPointerDown}
                                  tabIndex={-1}
                                  disabled={false}
                                  data-slot="button"
+                                 data-day="2026. 5. 1."
-                                 data-day="5/1/2026"
                                  data-selected-single={undefined}
                                  data-range-start={undefined}
                                  data-range-end={undefined}
                                  data-range-middle={undefined}
                                  style={undefined}
                                  aria-disabled={undefined}
                                  aria-label="Friday, May 1st, 2026"
                                  onBlur={function DayPicker.useCallback[handleDayBlur]}
                                  onFocus={function DayPicker.useCallback[handleDayFocus]}
                                  onMouseEnter={function DayPicker.useCallback[handleDayMouseEnter]}
                                  onMouseLeave={function DayPicker.useCallback[handleDayMouseLeave]}
                                  ref={function}
                                  className={"group/button shrink-0 items-center justify-center rounded-lg border-tra..."}
                                >
+                                 1
                    <Day day={{date:Date, ...}} modifiers={{focused:false, ...}} className={"group/da..."} style={{}} ...>
                      <td className={"group/da..."} style={{}} role="gridcell" aria-selected={undefined} ...>
                        <DayButton className="rdp-day_bu..." style={undefined} type="button" day={{date:Date, ...}} ...>
                          <CalendarDayButton locale={undefined} className="rdp-day_bu..." style={undefined} type="button" ...>
                            <Button variant="ghost" size="icon" data-day="2026. 5. 2." data-selected-single={undefined} ...>
                              <Button data-slot="button" className={"group/bu..."} data-day="2026. 5. 2." ...>
                                <button
                                  type="button"
                                  onClick={function onClick}
                                  onMouseDown={function onMouseDown}
                                  onKeyDown={function}
                                  onKeyUp={function onKeyUp}
                                  onPointerDown={function onPointerDown}
                                  tabIndex={-1}
                                  disabled={false}
                                  data-slot="button"
+                                 data-day="2026. 5. 2."
-                                 data-day="5/2/2026"
                                  data-selected-single={undefined}
                                  data-range-start={undefined}
                                  data-range-end={undefined}
                                  data-range-middle={undefined}
                                  style={undefined}
                                  aria-disabled={undefined}
                                  aria-label="Saturday, May 2nd, 2026"
                                  onBlur={function DayPicker.useCallback[handleDayBlur]}
                                  onFocus={function DayPicker.useCallback[handleDayFocus]}
                                  onMouseEnter={function DayPicker.useCallback[handleDayMouseEnter]}
                                  onMouseLeave={function DayPicker.useCallback[handleDayMouseLeave]}
                                  ref={function}
                                  className={"group/button shrink-0 items-center justify-center rounded-lg border-tra..."}
                                >
+                                 2
 @ http://localhost:3000/_next/static/chunks/73eda_next_dist_e2e1408c._.js:3127
[     552ms] [WARNING] [tiptap warn]: Duplicate extension names found: ['link']. This can lead to issues. @ http://localhost:3000/_next/static/chunks/73eda_next_dist_e2e1408c._.js:2297
[     565ms] [WARNING] [tiptap warn]: Duplicate extension names found: ['link']. This can lead to issues. @ http://localhost:3000/_next/static/chunks/73eda_next_dist_e2e1408c._.js:2297
[     569ms] [WARNING] [tiptap warn]: Duplicate extension names found: ['link']. This can lead to issues. @ http://localhost:3000/_next/static/chunks/73eda_next_dist_e2e1408c._.js:2297
[     572ms] [WARNING] [tiptap warn]: Duplicate extension names found: ['link']. This can lead to issues. @ http://localhost:3000/_next/static/chunks/73eda_next_dist_e2e1408c._.js:2297
[     835ms] [LOG] [Fast Refresh] rebuilding @ http://localhost:3000/_next/static/chunks/73eda_next_dist_e2e1408c._.js:2297
[    1670ms] [LOG] [Fast Refresh] done in 936ms @ http://localhost:3000/_next/static/chunks/73eda_next_dist_e2e1408c._.js:2297
[    5775ms] [LOG] [Fast Refresh] rebuilding @ http://localhost:3000/_next/static/chunks/73eda_next_dist_e2e1408c._.js:2297
[    5812ms] [LOG] [Fast Refresh] done in 138ms @ http://localhost:3000/_next/static/chunks/73eda_next_dist_e2e1408c._.js:2297
[   65852ms] [LOG] [Fast Refresh] rebuilding @ http://localhost:3000/_next/static/chunks/73eda_next_dist_e2e1408c._.js:2297
[   66012ms] [LOG] [Fast Refresh] done in 261ms @ http://localhost:3000/_next/static/chunks/73eda_next_dist_e2e1408c._.js:2297
[   66425ms] [LOG] [Fast Refresh] rebuilding @ http://localhost:3000/_next/static/chunks/73eda_next_dist_e2e1408c._.js:2297
[   66446ms] [LOG] [Fast Refresh] done in 123ms @ http://localhost:3000/_next/static/chunks/73eda_next_dist_e2e1408c._.js:2297
[   66548ms] [LOG] [Fast Refresh] rebuilding @ http://localhost:3000/_next/static/chunks/73eda_next_dist_e2e1408c._.js:2297
[   66629ms] [LOG] [Fast Refresh] done in 182ms @ http://localhost:3000/_next/static/chunks/73eda_next_dist_e2e1408c._.js:2297
[   66733ms] [LOG] [Fast Refresh] rebuilding @ http://localhost:3000/_next/static/chunks/73eda_next_dist_e2e1408c._.js:2297
[   66736ms] [LOG] [Fast Refresh] done in 103ms @ http://localhost:3000/_next/static/chunks/73eda_next_dist_e2e1408c._.js:2297
[   67043ms] [LOG] [Fast Refresh] rebuilding @ http://localhost:3000/_next/static/chunks/73eda_next_dist_e2e1408c._.js:2297
[   67044ms] [LOG] [Fast Refresh] done in 100ms @ http://localhost:3000/_next/static/chunks/73eda_next_dist_e2e1408c._.js:2297
[   67149ms] [LOG] [Fast Refresh] rebuilding @ http://localhost:3000/_next/static/chunks/73eda_next_dist_e2e1408c._.js:2297
[   67168ms] [LOG] [Fast Refresh] done in 120ms @ http://localhost:3000/_next/static/chunks/73eda_next_dist_e2e1408c._.js:2297
[   67269ms] [LOG] [Fast Refresh] rebuilding @ http://localhost:3000/_next/static/chunks/73eda_next_dist_e2e1408c._.js:2297
[   67352ms] [LOG] [Fast Refresh] done in 184ms @ http://localhost:3000/_next/static/chunks/73eda_next_dist_e2e1408c._.js:2297
[   67453ms] [LOG] [Fast Refresh] rebuilding @ http://localhost:3000/_next/static/chunks/73eda_next_dist_e2e1408c._.js:2297
[   67479ms] [LOG] [Fast Refresh] done in 126ms @ http://localhost:3000/_next/static/chunks/73eda_next_dist_e2e1408c._.js:2297
[   67583ms] [LOG] [Fast Refresh] rebuilding @ http://localhost:3000/_next/static/chunks/73eda_next_dist_e2e1408c._.js:2297
[   67774ms] [LOG] [Fast Refresh] done in 294ms @ http://localhost:3000/_next/static/chunks/73eda_next_dist_e2e1408c._.js:2297
[   68153ms] [LOG] [Fast Refresh] rebuilding @ http://localhost:3000/_next/static/chunks/73eda_next_dist_e2e1408c._.js:2297
[   68158ms] [LOG] [Fast Refresh] done in 105ms @ http://localhost:3000/_next/static/chunks/73eda_next_dist_e2e1408c._.js:2297
[   68262ms] [LOG] [Fast Refresh] rebuilding @ http://localhost:3000/_next/static/chunks/73eda_next_dist_e2e1408c._.js:2297
[   68280ms] [LOG] [Fast Refresh] done in 122ms @ http://localhost:3000/_next/static/chunks/73eda_next_dist_e2e1408c._.js:2297
[   68387ms] [LOG] [Fast Refresh] rebuilding @ http://localhost:3000/_next/static/chunks/73eda_next_dist_e2e1408c._.js:2297
[   68474ms] [LOG] [Fast Refresh] done in 187ms @ http://localhost:3000/_next/static/chunks/73eda_next_dist_e2e1408c._.js:2297
[   68574ms] [LOG] [Fast Refresh] rebuilding @ http://localhost:3000/_next/static/chunks/73eda_next_dist_e2e1408c._.js:2297
[   68759ms] [LOG] [Fast Refresh] done in 284ms @ http://localhost:3000/_next/static/chunks/73eda_next_dist_e2e1408c._.js:2297
[   68933ms] [LOG] [Fast Refresh] rebuilding @ http://localhost:3000/_next/static/chunks/73eda_next_dist_e2e1408c._.js:2297
[   68943ms] [LOG] [Fast Refresh] done in 112ms @ http://localhost:3000/_next/static/chunks/73eda_next_dist_e2e1408c._.js:2297
[   69045ms] [LOG] [Fast Refresh] rebuilding @ http://localhost:3000/_next/static/chunks/73eda_next_dist_e2e1408c._.js:2297
[   69051ms] [LOG] [Fast Refresh] done in 107ms @ http://localhost:3000/_next/static/chunks/73eda_next_dist_e2e1408c._.js:2297
[   69225ms] [LOG] [Fast Refresh] rebuilding @ http://localhost:3000/_next/static/chunks/73eda_next_dist_e2e1408c._.js:2297
[   69300ms] [LOG] [Fast Refresh] done in 176ms @ http://localhost:3000/_next/static/chunks/73eda_next_dist_e2e1408c._.js:2297
[   69812ms] [LOG] [Fast Refresh] rebuilding @ http://localhost:3000/_next/static/chunks/73eda_next_dist_e2e1408c._.js:2297
[   69831ms] [LOG] [Fast Refresh] done in 119ms @ http://localhost:3000/_next/static/chunks/73eda_next_dist_e2e1408c._.js:2297
[   69933ms] [LOG] [Fast Refresh] rebuilding @ http://localhost:3000/_next/static/chunks/73eda_next_dist_e2e1408c._.js:2297
[   70203ms] [LOG] [Fast Refresh] done in 371ms @ http://localhost:3000/_next/static/chunks/73eda_next_dist_e2e1408c._.js:2297
[   70397ms] [LOG] [Fast Refresh] rebuilding @ http://localhost:3000/_next/static/chunks/73eda_next_dist_e2e1408c._.js:2297
[   70578ms] [LOG] [Fast Refresh] done in 285ms @ http://localhost:3000/_next/static/chunks/73eda_next_dist_e2e1408c._.js:2297
[   70683ms] [LOG] [Fast Refresh] rebuilding @ http://localhost:3000/_next/static/chunks/73eda_next_dist_e2e1408c._.js:2297
[   70697ms] [LOG] [Fast Refresh] done in 118ms @ http://localhost:3000/_next/static/chunks/73eda_next_dist_e2e1408c._.js:2297
[   70983ms] [LOG] [Fast Refresh] rebuilding @ http://localhost:3000/_next/static/chunks/73eda_next_dist_e2e1408c._.js:2297
[   71068ms] [LOG] [Fast Refresh] done in 186ms @ http://localhost:3000/_next/static/chunks/73eda_next_dist_e2e1408c._.js:2297
[   78593ms] [LOG] [Fast Refresh] rebuilding @ http://localhost:3000/_next/static/chunks/73eda_next_dist_e2e1408c._.js:2297
[   78613ms] [LOG] [Fast Refresh] done in 120ms @ http://localhost:3000/_next/static/chunks/73eda_next_dist_e2e1408c._.js:2297
[   91278ms] [LOG] [Fast Refresh] rebuilding @ http://localhost:3000/_next/static/chunks/73eda_next_dist_e2e1408c._.js:2297
[   91293ms] [LOG] [Fast Refresh] done in 118ms @ http://localhost:3000/_next/static/chunks/73eda_next_dist_e2e1408c._.js:2297
[   97525ms] [LOG] [Fast Refresh] rebuilding @ http://localhost:3000/_next/static/chunks/73eda_next_dist_e2e1408c._.js:2297
[   97558ms] [LOG] [Fast Refresh] done in 134ms @ http://localhost:3000/_next/static/chunks/73eda_next_dist_e2e1408c._.js:2297
[   99859ms] [LOG] [Fast Refresh] rebuilding @ http://localhost:3000/_next/static/chunks/73eda_next_dist_e2e1408c._.js:2297
[   99923ms] [LOG] [Fast Refresh] done in 167ms @ http://localhost:3000/_next/static/chunks/73eda_next_dist_e2e1408c._.js:2297
[  100151ms] [LOG] [Fast Refresh] rebuilding @ http://localhost:3000/_next/static/chunks/73eda_next_dist_e2e1408c._.js:2297
[  100165ms] [LOG] [Fast Refresh] done in 118ms @ http://localhost:3000/_next/static/chunks/73eda_next_dist_e2e1408c._.js:2297
[  103414ms] [LOG] [Fast Refresh] rebuilding @ http://localhost:3000/_next/static/chunks/73eda_next_dist_e2e1408c._.js:2297
[  103428ms] [LOG] [Fast Refresh] done in 117ms @ http://localhost:3000/_next/static/chunks/73eda_next_dist_e2e1408c._.js:2297
[  104235ms] [LOG] [Fast Refresh] rebuilding @ http://localhost:3000/_next/static/chunks/73eda_next_dist_e2e1408c._.js:2297
[  104277ms] [LOG] [Fast Refresh] done in 143ms @ http://localhost:3000/_next/static/chunks/73eda_next_dist_e2e1408c._.js:2297
[  109032ms] [LOG] [Fast Refresh] rebuilding @ http://localhost:3000/_next/static/chunks/73eda_next_dist_e2e1408c._.js:2297
[  109357ms] [ERROR] ./src/app/showcase/apple/prototype/page.tsx:1442:1
Parsing ecmascript source code failed
  1440 |     </div>
  1441 |   );
> 1442 | }
       | ^
  1443 |

Unexpected token. Did you mean `{'}'}` or `&rbrace;`? @ http://localhost:3000/_next/static/chunks/73eda_next_dist_e2e1408c._.js:3127
[  109458ms] [LOG] [Fast Refresh] rebuilding @ http://localhost:3000/_next/static/chunks/73eda_next_dist_e2e1408c._.js:2297
[  109997ms] [ERROR] ./src/app/showcase/apple/prototype/page.tsx:1442:1
Parsing ecmascript source code failed
  1440 |     </div>
  1441 |   );
> 1442 | }
       | ^
  1443 |

Unexpected token. Did you mean `{'}'}` or `&rbrace;`? @ http://localhost:3000/_next/static/chunks/73eda_next_dist_e2e1408c._.js:3127
[  110098ms] [ERROR] ./src/app/showcase/apple/prototype/page.tsx:1442:1
Parsing ecmascript source code failed
  1440 |     </div>
  1441 |   );
> 1442 | }
       | ^
  1443 |

Unexpected token. Did you mean `{'}'}` or `&rbrace;`? @ http://localhost:3000/_next/static/chunks/73eda_next_dist_e2e1408c._.js:3127
[  110199ms] [LOG] [Fast Refresh] rebuilding @ http://localhost:3000/_next/static/chunks/73eda_next_dist_e2e1408c._.js:2297
[  110525ms] [ERROR] ./src/app/showcase/apple/prototype/page.tsx:1445:7
Parsing ecmascript source code failed
  1443 |         </div>
  1444 |       </ComponentSection>
> 1445 |     </div>
       |       ^^^
  1446 |   );
  1447 | }
  1448 |

Expected '>', got 'ident' @ http://localhost:3000/_next/static/chunks/73eda_next_dist_e2e1408c._.js:3127
[  110602ms] [ERROR] ./src/app/showcase/apple/prototype/page.tsx:1445:7
Parsing ecmascript source code failed
  1443 |         </div>
  1444 |       </ComponentSection>
> 1445 |     </div>
       |       ^^^
  1446 |   );
  1447 | }
  1448 |

Expected '>', got 'ident' @ http://localhost:3000/_next/static/chunks/73eda_next_dist_e2e1408c._.js:3127
[  110640ms] [LOG] [Fast Refresh] rebuilding @ http://localhost:3000/_next/static/chunks/73eda_next_dist_e2e1408c._.js:2297
[  110756ms] [ERROR] ./src/app/showcase/apple/prototype/page.tsx:1445:7
Parsing ecmascript source code failed
  1443 |         </div>
  1444 |       </ComponentSection>
> 1445 |     </div>
       |       ^^^
  1446 |   );
  1447 | }
  1448 |

Expected '>', got 'ident' @ http://localhost:3000/_next/static/chunks/73eda_next_dist_e2e1408c._.js:3127
[  110765ms] [LOG] [Fast Refresh] rebuilding @ http://localhost:3000/_next/static/chunks/73eda_next_dist_e2e1408c._.js:2297
[  115337ms] [ERROR] ./src/app/showcase/apple/prototype/page.tsx:1445:7
Parsing ecmascript source code failed
  1443 |         </div>
  1444 |       </ComponentSection>
> 1445 |     </div>
       |       ^^^
  1446 |   );
  1447 | }
  1448 |

Expected '>', got 'ident' @ http://localhost:3000/_next/static/chunks/73eda_next_dist_e2e1408c._.js:3127
[  115383ms] [LOG] [Fast Refresh] rebuilding @ http://localhost:3000/_next/static/chunks/73eda_next_dist_e2e1408c._.js:2297
[  115528ms] [ERROR] ./src/app/showcase/apple/prototype/page.tsx:1445:7
Parsing ecmascript source code failed
  1443 |         </div>
  1444 |       </ComponentSection>
> 1445 |     </div>
       |       ^^^
  1446 |   );
  1447 | }
  1448 |

Expected '>', got 'ident' @ http://localhost:3000/_next/static/chunks/73eda_next_dist_e2e1408c._.js:3127
[  115535ms] [LOG] [Fast Refresh] rebuilding @ http://localhost:3000/_next/static/chunks/73eda_next_dist_e2e1408c._.js:2297
[  116454ms] [LOG] [Fast Refresh] rebuilding @ http://localhost:3000/_next/static/chunks/73eda_next_dist_e2e1408c._.js:2297
[  116479ms] [ERROR] ./src/app/showcase/apple/prototype/page.tsx:1449:1
Parsing ecmascript source code failed
  1447 |     </div>
  1448 |   );
> 1449 | }
       | ^
  1450 |

Unexpected token. Did you mean `{'}'}` or `&rbrace;`? @ http://localhost:3000/_next/static/chunks/73eda_next_dist_e2e1408c._.js:3127
[  119330ms] [ERROR] ./src/app/showcase/apple/prototype/page.tsx:1449:1
Parsing ecmascript source code failed
  1447 |     </div>
  1448 |   );
> 1449 | }
       | ^
  1450 |

Unexpected token. Did you mean `{'}'}` or `&rbrace;`? @ http://localhost:3000/_next/static/chunks/73eda_next_dist_e2e1408c._.js:3127
[  119368ms] [LOG] [Fast Refresh] rebuilding @ http://localhost:3000/_next/static/chunks/73eda_next_dist_e2e1408c._.js:2297
[  119597ms] [LOG] [Fast Refresh] rebuilding @ http://localhost:3000/_next/static/chunks/73eda_next_dist_e2e1408c._.js:2297
[  119603ms] [ERROR] ./src/app/showcase/apple/prototype/page.tsx:1449:1
Parsing ecmascript source code failed
  1447 |     </div>
  1448 |   );
> 1449 | }
       | ^
  1450 |

Unexpected token. Did you mean `{'}'}` or `&rbrace;`? @ http://localhost:3000/_next/static/chunks/73eda_next_dist_e2e1408c._.js:3127
[  120247ms] [ERROR] ./src/app/showcase/apple/prototype/page.tsx:1449:1
Parsing ecmascript source code failed
  1447 |     </div>
  1448 |   );
> 1449 | }
       | ^
  1450 |

Unexpected token. Did you mean `{'}'}` or `&rbrace;`? @ http://localhost:3000/_next/static/chunks/73eda_next_dist_e2e1408c._.js:3127
[  120297ms] [LOG] [Fast Refresh] rebuilding @ http://localhost:3000/_next/static/chunks/73eda_next_dist_e2e1408c._.js:2297
[  120445ms] [ERROR] ./src/app/showcase/apple/prototype/page.tsx:1449:1
Parsing ecmascript source code failed
  1447 |     </div>
  1448 |   );
> 1449 | }
       | ^
  1450 |

Unexpected token. Did you mean `{'}'}` or `&rbrace;`? @ http://localhost:3000/_next/static/chunks/73eda_next_dist_e2e1408c._.js:3127
[  120456ms] [LOG] [Fast Refresh] rebuilding @ http://localhost:3000/_next/static/chunks/73eda_next_dist_e2e1408c._.js:2297
[  120967ms] [ERROR] ./src/app/showcase/apple/prototype/page.tsx:1449:1
Parsing ecmascript source code failed
  1447 |     </div>
  1448 |   );
> 1449 | }
       | ^
  1450 |

Unexpected token. Did you mean `{'}'}` or `&rbrace;`? @ http://localhost:3000/_next/static/chunks/73eda_next_dist_e2e1408c._.js:3127
[  121018ms] [LOG] [Fast Refresh] rebuilding @ http://localhost:3000/_next/static/chunks/73eda_next_dist_e2e1408c._.js:2297
[  121167ms] [LOG] [Fast Refresh] rebuilding @ http://localhost:3000/_next/static/chunks/73eda_next_dist_e2e1408c._.js:2297
[  121171ms] [ERROR] ./src/app/showcase/apple/prototype/page.tsx:1449:1
Parsing ecmascript source code failed
  1447 |     </div>
  1448 |   );
> 1449 | }
       | ^
  1450 |

Unexpected token. Did you mean `{'}'}` or `&rbrace;`? @ http://localhost:3000/_next/static/chunks/73eda_next_dist_e2e1408c._.js:3127
[  121481ms] [ERROR] ./src/app/showcase/apple/prototype/page.tsx:1449:1
Parsing ecmascript source code failed
  1447 |     </div>
  1448 |   );
> 1449 | }
       | ^
  1450 |

Unexpected token. Did you mean `{'}'}` or `&rbrace;`? @ http://localhost:3000/_next/static/chunks/73eda_next_dist_e2e1408c._.js:3127
[  121538ms] [LOG] [Fast Refresh] rebuilding @ http://localhost:3000/_next/static/chunks/73eda_next_dist_e2e1408c._.js:2297
[  121652ms] [ERROR] ./src/app/showcase/apple/prototype/page.tsx:1449:1
Parsing ecmascript source code failed
  1447 |     </div>
  1448 |   );
> 1449 | }
       | ^
  1450 |

Unexpected token. Did you mean `{'}'}` or `&rbrace;`? @ http://localhost:3000/_next/static/chunks/73eda_next_dist_e2e1408c._.js:3127
[  121667ms] [LOG] [Fast Refresh] rebuilding @ http://localhost:3000/_next/static/chunks/73eda_next_dist_e2e1408c._.js:2297
[  122019ms] [ERROR] ./src/app/showcase/apple/prototype/page.tsx:1449:1
Parsing ecmascript source code failed
  1447 |     </div>
  1448 |   );
> 1449 | }
       | ^
  1450 |

Unexpected token. Did you mean `{'}'}` or `&rbrace;`? @ http://localhost:3000/_next/static/chunks/73eda_next_dist_e2e1408c._.js:3127
[  122064ms] [LOG] [Fast Refresh] rebuilding @ http://localhost:3000/_next/static/chunks/73eda_next_dist_e2e1408c._.js:2297
[  122150ms] [ERROR] ./src/app/showcase/apple/prototype/page.tsx:1449:1
Parsing ecmascript source code failed
  1447 |     </div>
  1448 |   );
> 1449 | }
       | ^
  1450 |

Unexpected token. Did you mean `{'}'}` or `&rbrace;`? @ http://localhost:3000/_next/static/chunks/73eda_next_dist_e2e1408c._.js:3127
[  122228ms] [ERROR] ./src/app/showcase/apple/prototype/page.tsx:1449:1
Parsing ecmascript source code failed
  1447 |     </div>
  1448 |   );
> 1449 | }
       | ^
  1450 |

Unexpected token. Did you mean `{'}'}` or `&rbrace;`? @ http://localhost:3000/_next/static/chunks/73eda_next_dist_e2e1408c._.js:3127
[  122255ms] [LOG] [Fast Refresh] rebuilding @ http://localhost:3000/_next/static/chunks/73eda_next_dist_e2e1408c._.js:2297
[  125825ms] [ERROR] ./src/app/showcase/apple/prototype/page.tsx:1449:1
Parsing ecmascript source code failed
  1447 |     </div>
  1448 |   );
> 1449 | }
       | ^
  1450 |

Unexpected token. Did you mean `{'}'}` or `&rbrace;`? @ http://localhost:3000/_next/static/chunks/73eda_next_dist_e2e1408c._.js:3127
[  125902ms] [LOG] [Fast Refresh] rebuilding @ http://localhost:3000/_next/static/chunks/73eda_next_dist_e2e1408c._.js:2297
[  126110ms] [LOG] [Fast Refresh] rebuilding @ http://localhost:3000/_next/static/chunks/73eda_next_dist_e2e1408c._.js:2297
[  126117ms] [ERROR] ./src/app/showcase/apple/prototype/page.tsx:1449:1
Parsing ecmascript source code failed
  1447 |     </div>
  1448 |   );
> 1449 | }
       | ^
  1450 |

Unexpected token. Did you mean `{'}'}` or `&rbrace;`? @ http://localhost:3000/_next/static/chunks/73eda_next_dist_e2e1408c._.js:3127
[  128998ms] [LOG] [Fast Refresh] rebuilding @ http://localhost:3000/_next/static/chunks/73eda_next_dist_e2e1408c._.js:2297
[  129194ms] [LOG] [Fast Refresh] done in 215ms @ http://localhost:3000/_next/static/chunks/73eda_next_dist_e2e1408c._.js:2297
[  137671ms] [LOG] [Fast Refresh] rebuilding @ http://localhost:3000/_next/static/chunks/73eda_next_dist_e2e1408c._.js:2297
[  137845ms] [LOG] [Fast Refresh] done in 275ms @ http://localhost:3000/_next/static/chunks/73eda_next_dist_e2e1408c._.js:2297
[  152269ms] [LOG] [Fast Refresh] rebuilding @ http://localhost:3000/_next/static/chunks/73eda_next_dist_e2e1408c._.js:2297
[  152413ms] [LOG] [Fast Refresh] done in 246ms @ http://localhost:3000/_next/static/chunks/73eda_next_dist_e2e1408c._.js:2297
[  152528ms] [LOG] [Fast Refresh] rebuilding @ http://localhost:3000/_next/static/chunks/73eda_next_dist_e2e1408c._.js:2297
[  152596ms] [LOG] [Fast Refresh] done in 169ms @ http://localhost:3000/_next/static/chunks/73eda_next_dist_e2e1408c._.js:2297
[  155020ms] [LOG] [Fast Refresh] rebuilding @ http://localhost:3000/_next/static/chunks/73eda_next_dist_e2e1408c._.js:2297
[  155226ms] [LOG] [Fast Refresh] done in 309ms @ http://localhost:3000/_next/static/chunks/73eda_next_dist_e2e1408c._.js:2297
